Username,Password
datadazzler1@hotpulse.com,Password1!
datadazzler2@hotpulse.com,Password1!
datadazzler3@hotpulse.com,Password1!
datadazzler4@hotpulse.com,Password1!
datadazzler5@hotpulse.com,Password1!
datadazzler6@hotpulse.com,Password1!
datadazzler7@hotpulse.com,Password1!
datadazzler8@hotpulse.com,Password1!
datadazzler9@hotpulse.com,Password1!
datadazzler10@hotpulse.com,Password1!
datadazzler11@hotpulse.com,Password1!
datadazzler12@hotpulse.com,Password1!
datadazzler13@hotpulse.com,Password1!
datadazzler14@hotpulse.com,Password1!
datadazzler15@hotpulse.com,Password1!
datadazzler16@hotpulse.com,Password1!
datadazzler17@hotpulse.com,Password1!
datadazzler18@hotpulse.com,Password1!
datadazzler19@hotpulse.com,Password1!
datadazzler20@hotpulse.com,Password1!
datadazzler21@hotpulse.com,Password1!
datadazzler22@hotpulse.com,Password1!
datadazzler23@hotpulse.com,Password1!
datadazzler24@hotpulse.com,Password1!
datadazzler25@hotpulse.com,Password1!
datadazzler26@hotpulse.com,Password1!
datadazzler27@hotpulse.com,Password1!
datadazzler28@hotpulse.com,Password1!
datadazzler29@hotpulse.com,Password1!
datadazzler30@hotpulse.com,Password1!
datadazzler31@hotpulse.com,Password1!
datadazzler32@hotpulse.com,Password1!
datadazzler33@hotpulse.com,Password1!
datadazzler34@hotpulse.com,Password1!
datadazzler35@hotpulse.com,Password1!
datadazzler36@hotpulse.com,Password1!
datadazzler37@hotpulse.com,Password1!
datadazzler38@hotpulse.com,Password1!
datadazzler39@hotpulse.com,Password1!
datadazzler40@hotpulse.com,Password1!
datadazzler41@hotpulse.com,Password1!
datadazzler42@hotpulse.com,Password1!
datadazzler43@hotpulse.com,Password1!
datadazzler44@hotpulse.com,Password1!
datadazzler45@hotpulse.com,Password1!
datadazzler46@hotpulse.com,Password1!
datadazzler47@hotpulse.com,Password1!
datadazzler48@hotpulse.com,Password1!
datadazzler49@hotpulse.com,Password1!
datadazzler50@hotpulse.com,Password1!
datadazzler51@hotpulse.com,Password1!
datadazzler52@hotpulse.com,Password1!
datadazzler53@hotpulse.com,Password1!
datadazzler54@hotpulse.com,Password1!
datadazzler55@hotpulse.com,Password1!
datadazzler56@hotpulse.com,Password1!
datadazzler57@hotpulse.com,Password1!
datadazzler58@hotpulse.com,Password1!
datadazzler59@hotpulse.com,Password1!
datadazzler60@hotpulse.com,Password1!
datadazzler61@hotpulse.com,Password1!
datadazzler62@hotpulse.com,Password1!
datadazzler63@hotpulse.com,Password1!
datadazzler64@hotpulse.com,Password1!
datadazzler65@hotpulse.com,Password1!
datadazzler66@hotpulse.com,Password1!
datadazzler67@hotpulse.com,Password1!
datadazzler68@hotpulse.com,Password1!
datadazzler69@hotpulse.com,Password1!
datadazzler70@hotpulse.com,Password1!
datadazzler71@hotpulse.com,Password1!
datadazzler72@hotpulse.com,Password1!
datadazzler73@hotpulse.com,Password1!
datadazzler74@hotpulse.com,Password1!
datadazzler75@hotpulse.com,Password1!
datadazzler76@hotpulse.com,Password1!
datadazzler77@hotpulse.com,Password1!
datadazzler78@hotpulse.com,Password1!
datadazzler79@hotpulse.com,Password1!
datadazzler80@hotpulse.com,Password1!
datadazzler81@hotpulse.com,Password1!
datadazzler82@hotpulse.com,Password1!
datadazzler83@hotpulse.com,Password1!
datadazzler84@hotpulse.com,Password1!
datadazzler85@hotpulse.com,Password1!
datadazzler86@hotpulse.com,Password1!
datadazzler87@hotpulse.com,Password1!
datadazzler88@hotpulse.com,Password1!
datadazzler89@hotpulse.com,Password1!
datadazzler90@hotpulse.com,Password1!
datadazzler91@hotpulse.com,Password1!
datadazzler92@hotpulse.com,Password1!
datadazzler93@hotpulse.com,Password1!
datadazzler94@hotpulse.com,Password1!
datadazzler95@hotpulse.com,Password1!
datadazzler96@hotpulse.com,Password1!
datadazzler97@hotpulse.com,Password1!
datadazzler98@hotpulse.com,Password1!
datadazzler99@hotpulse.com,Password1!
datadazzler100@hotpulse.com,Password1!
datadazzler101@hotpulse.com,Password1!
datadazzler102@hotpulse.com,Password1!
datadazzler103@hotpulse.com,Password1!
datadazzler104@hotpulse.com,Password1!
datadazzler105@hotpulse.com,Password1!
datadazzler106@hotpulse.com,Password1!
datadazzler107@hotpulse.com,Password1!
datadazzler108@hotpulse.com,Password1!
datadazzler109@hotpulse.com,Password1!
datadazzler110@hotpulse.com,Password1!
datadazzler111@hotpulse.com,Password1!
datadazzler112@hotpulse.com,Password1!
datadazzler113@hotpulse.com,Password1!
datadazzler114@hotpulse.com,Password1!
datadazzler115@hotpulse.com,Password1!
datadazzler116@hotpulse.com,Password1!
datadazzler117@hotpulse.com,Password1!
datadazzler118@hotpulse.com,Password1!
datadazzler119@hotpulse.com,Password1!
datadazzler120@hotpulse.com,Password1!
datadazzler121@hotpulse.com,Password1!
datadazzler122@hotpulse.com,Password1!
datadazzler123@hotpulse.com,Password1!
datadazzler124@hotpulse.com,Password1!
datadazzler125@hotpulse.com,Password1!
datadazzler126@hotpulse.com,Password1!
datadazzler127@hotpulse.com,Password1!
datadazzler128@hotpulse.com,Password1!
datadazzler129@hotpulse.com,Password1!
datadazzler130@hotpulse.com,Password1!
datadazzler131@hotpulse.com,Password1!
datadazzler132@hotpulse.com,Password1!
datadazzler133@hotpulse.com,Password1!
datadazzler134@hotpulse.com,Password1!
datadazzler135@hotpulse.com,Password1!
datadazzler136@hotpulse.com,Password1!
datadazzler137@hotpulse.com,Password1!
datadazzler138@hotpulse.com,Password1!
datadazzler139@hotpulse.com,Password1!
datadazzler140@hotpulse.com,Password1!
datadazzler141@hotpulse.com,Password1!
datadazzler142@hotpulse.com,Password1!
datadazzler143@hotpulse.com,Password1!
datadazzler144@hotpulse.com,Password1!
datadazzler145@hotpulse.com,Password1!
datadazzler146@hotpulse.com,Password1!
datadazzler147@hotpulse.com,Password1!
datadazzler148@hotpulse.com,Password1!
datadazzler149@hotpulse.com,Password1!
datadazzler150@hotpulse.com,Password1!
datadazzler151@hotpulse.com,Password1!
datadazzler152@hotpulse.com,Password1!
datadazzler153@hotpulse.com,Password1!
datadazzler154@hotpulse.com,Password1!
datadazzler155@hotpulse.com,Password1!
datadazzler156@hotpulse.com,Password1!
datadazzler157@hotpulse.com,Password1!
datadazzler158@hotpulse.com,Password1!
datadazzler159@hotpulse.com,Password1!
datadazzler160@hotpulse.com,Password1!
datadazzler161@hotpulse.com,Password1!
datadazzler162@hotpulse.com,Password1!
datadazzler163@hotpulse.com,Password1!
datadazzler164@hotpulse.com,Password1!
datadazzler165@hotpulse.com,Password1!
datadazzler166@hotpulse.com,Password1!
datadazzler167@hotpulse.com,Password1!
datadazzler168@hotpulse.com,Password1!
datadazzler169@hotpulse.com,Password1!
datadazzler170@hotpulse.com,Password1!
datadazzler171@hotpulse.com,Password1!
datadazzler172@hotpulse.com,Password1!
datadazzler173@hotpulse.com,Password1!
datadazzler174@hotpulse.com,Password1!
datadazzler175@hotpulse.com,Password1!
datadazzler176@hotpulse.com,Password1!
datadazzler177@hotpulse.com,Password1!
datadazzler178@hotpulse.com,Password1!
datadazzler179@hotpulse.com,Password1!
datadazzler180@hotpulse.com,Password1!
datadazzler181@hotpulse.com,Password1!
datadazzler182@hotpulse.com,Password1!
datadazzler183@hotpulse.com,Password1!
datadazzler184@hotpulse.com,Password1!
datadazzler185@hotpulse.com,Password1!
datadazzler186@hotpulse.com,Password1!
datadazzler187@hotpulse.com,Password1!
datadazzler188@hotpulse.com,Password1!
datadazzler189@hotpulse.com,Password1!
datadazzler190@hotpulse.com,Password1!
datadazzler191@hotpulse.com,Password1!
datadazzler192@hotpulse.com,Password1!
datadazzler193@hotpulse.com,Password1!
datadazzler194@hotpulse.com,Password1!
datadazzler195@hotpulse.com,Password1!
datadazzler196@hotpulse.com,Password1!
datadazzler197@hotpulse.com,Password1!
datadazzler198@hotpulse.com,Password1!
datadazzler199@hotpulse.com,Password1!
datadazzler200@hotpulse.com,Password1!
datadazzler201@hotpulse.com,Password1!
datadazzler202@hotpulse.com,Password1!
datadazzler203@hotpulse.com,Password1!
datadazzler204@hotpulse.com,Password1!
datadazzler205@hotpulse.com,Password1!
datadazzler206@hotpulse.com,Password1!
datadazzler207@hotpulse.com,Password1!
datadazzler208@hotpulse.com,Password1!
datadazzler209@hotpulse.com,Password1!
datadazzler210@hotpulse.com,Password1!
datadazzler211@hotpulse.com,Password1!
datadazzler212@hotpulse.com,Password1!
datadazzler213@hotpulse.com,Password1!
datadazzler214@hotpulse.com,Password1!
datadazzler215@hotpulse.com,Password1!
datadazzler216@hotpulse.com,Password1!
datadazzler217@hotpulse.com,Password1!
datadazzler218@hotpulse.com,Password1!
datadazzler219@hotpulse.com,Password1!
datadazzler220@hotpulse.com,Password1!
datadazzler221@hotpulse.com,Password1!
datadazzler222@hotpulse.com,Password1!
datadazzler223@hotpulse.com,Password1!
datadazzler224@hotpulse.com,Password1!
datadazzler225@hotpulse.com,Password1!
datadazzler226@hotpulse.com,Password1!
datadazzler227@hotpulse.com,Password1!
datadazzler228@hotpulse.com,Password1!
datadazzler229@hotpulse.com,Password1!
datadazzler230@hotpulse.com,Password1!
datadazzler231@hotpulse.com,Password1!
datadazzler232@hotpulse.com,Password1!
datadazzler233@hotpulse.com,Password1!
datadazzler234@hotpulse.com,Password1!
datadazzler235@hotpulse.com,Password1!
datadazzler236@hotpulse.com,Password1!
datadazzler237@hotpulse.com,Password1!
datadazzler238@hotpulse.com,Password1!
datadazzler239@hotpulse.com,Password1!
datadazzler240@hotpulse.com,Password1!
datadazzler241@hotpulse.com,Password1!
datadazzler242@hotpulse.com,Password1!
datadazzler243@hotpulse.com,Password1!
datadazzler244@hotpulse.com,Password1!
datadazzler245@hotpulse.com,Password1!
datadazzler246@hotpulse.com,Password1!
datadazzler247@hotpulse.com,Password1!
datadazzler248@hotpulse.com,Password1!
datadazzler249@hotpulse.com,Password1!
datadazzler250@hotpulse.com,Password1!
datadazzler251@hotpulse.com,Password1!
datadazzler252@hotpulse.com,Password1!
datadazzler253@hotpulse.com,Password1!
datadazzler254@hotpulse.com,Password1!
datadazzler255@hotpulse.com,Password1!
datadazzler256@hotpulse.com,Password1!
datadazzler257@hotpulse.com,Password1!
datadazzler258@hotpulse.com,Password1!
datadazzler259@hotpulse.com,Password1!
datadazzler260@hotpulse.com,Password1!
datadazzler261@hotpulse.com,Password1!
datadazzler262@hotpulse.com,Password1!
datadazzler263@hotpulse.com,Password1!
datadazzler264@hotpulse.com,Password1!
datadazzler265@hotpulse.com,Password1!
datadazzler266@hotpulse.com,Password1!
datadazzler267@hotpulse.com,Password1!
datadazzler268@hotpulse.com,Password1!
datadazzler269@hotpulse.com,Password1!
datadazzler270@hotpulse.com,Password1!
datadazzler271@hotpulse.com,Password1!
datadazzler272@hotpulse.com,Password1!
datadazzler273@hotpulse.com,Password1!
datadazzler274@hotpulse.com,Password1!
datadazzler275@hotpulse.com,Password1!
datadazzler276@hotpulse.com,Password1!
datadazzler277@hotpulse.com,Password1!
datadazzler278@hotpulse.com,Password1!
datadazzler279@hotpulse.com,Password1!
datadazzler280@hotpulse.com,Password1!
datadazzler281@hotpulse.com,Password1!
datadazzler282@hotpulse.com,Password1!
datadazzler283@hotpulse.com,Password1!
datadazzler284@hotpulse.com,Password1!
datadazzler285@hotpulse.com,Password1!
datadazzler286@hotpulse.com,Password1!
datadazzler287@hotpulse.com,Password1!
datadazzler288@hotpulse.com,Password1!
datadazzler289@hotpulse.com,Password1!
datadazzler290@hotpulse.com,Password1!
datadazzler291@hotpulse.com,Password1!
datadazzler292@hotpulse.com,Password1!
datadazzler293@hotpulse.com,Password1!
datadazzler294@hotpulse.com,Password1!
datadazzler295@hotpulse.com,Password1!
datadazzler296@hotpulse.com,Password1!
datadazzler297@hotpulse.com,Password1!
datadazzler298@hotpulse.com,Password1!
datadazzler299@hotpulse.com,Password1!
datadazzler300@hotpulse.com,Password1!
datadazzler301@hotpulse.com,Password1!
datadazzler302@hotpulse.com,Password1!
datadazzler303@hotpulse.com,Password1!
datadazzler304@hotpulse.com,Password1!
datadazzler305@hotpulse.com,Password1!
datadazzler306@hotpulse.com,Password1!
datadazzler307@hotpulse.com,Password1!
datadazzler308@hotpulse.com,Password1!
datadazzler309@hotpulse.com,Password1!
datadazzler310@hotpulse.com,Password1!
datadazzler311@hotpulse.com,Password1!
datadazzler312@hotpulse.com,Password1!
datadazzler313@hotpulse.com,Password1!
datadazzler314@hotpulse.com,Password1!
datadazzler315@hotpulse.com,Password1!
datadazzler316@hotpulse.com,Password1!
datadazzler317@hotpulse.com,Password1!
datadazzler318@hotpulse.com,Password1!
datadazzler319@hotpulse.com,Password1!
datadazzler320@hotpulse.com,Password1!
datadazzler321@hotpulse.com,Password1!
datadazzler322@hotpulse.com,Password1!
datadazzler323@hotpulse.com,Password1!
datadazzler324@hotpulse.com,Password1!
datadazzler325@hotpulse.com,Password1!
datadazzler326@hotpulse.com,Password1!
datadazzler327@hotpulse.com,Password1!
datadazzler328@hotpulse.com,Password1!
datadazzler329@hotpulse.com,Password1!
datadazzler330@hotpulse.com,Password1!
datadazzler331@hotpulse.com,Password1!
datadazzler332@hotpulse.com,Password1!
datadazzler333@hotpulse.com,Password1!
datadazzler334@hotpulse.com,Password1!
datadazzler335@hotpulse.com,Password1!
datadazzler336@hotpulse.com,Password1!
datadazzler337@hotpulse.com,Password1!
datadazzler338@hotpulse.com,Password1!
datadazzler339@hotpulse.com,Password1!
datadazzler340@hotpulse.com,Password1!
datadazzler341@hotpulse.com,Password1!
datadazzler342@hotpulse.com,Password1!
datadazzler343@hotpulse.com,Password1!
datadazzler344@hotpulse.com,Password1!
datadazzler345@hotpulse.com,Password1!
datadazzler346@hotpulse.com,Password1!
datadazzler347@hotpulse.com,Password1!
datadazzler348@hotpulse.com,Password1!
datadazzler349@hotpulse.com,Password1!
datadazzler350@hotpulse.com,Password1!
datadazzler351@hotpulse.com,Password1!
datadazzler352@hotpulse.com,Password1!
datadazzler353@hotpulse.com,Password1!
datadazzler354@hotpulse.com,Password1!
datadazzler355@hotpulse.com,Password1!
datadazzler356@hotpulse.com,Password1!
datadazzler357@hotpulse.com,Password1!
datadazzler358@hotpulse.com,Password1!
datadazzler359@hotpulse.com,Password1!
datadazzler360@hotpulse.com,Password1!
datadazzler361@hotpulse.com,Password1!
datadazzler362@hotpulse.com,Password1!
datadazzler363@hotpulse.com,Password1!
datadazzler364@hotpulse.com,Password1!
datadazzler365@hotpulse.com,Password1!
datadazzler366@hotpulse.com,Password1!
datadazzler367@hotpulse.com,Password1!
datadazzler368@hotpulse.com,Password1!
datadazzler369@hotpulse.com,Password1!
datadazzler370@hotpulse.com,Password1!
datadazzler371@hotpulse.com,Password1!
datadazzler372@hotpulse.com,Password1!
datadazzler373@hotpulse.com,Password1!
datadazzler374@hotpulse.com,Password1!
datadazzler375@hotpulse.com,Password1!
datadazzler376@hotpulse.com,Password1!
datadazzler377@hotpulse.com,Password1!
datadazzler378@hotpulse.com,Password1!
datadazzler379@hotpulse.com,Password1!
datadazzler380@hotpulse.com,Password1!
datadazzler381@hotpulse.com,Password1!
datadazzler382@hotpulse.com,Password1!
datadazzler383@hotpulse.com,Password1!
datadazzler384@hotpulse.com,Password1!
datadazzler385@hotpulse.com,Password1!
datadazzler386@hotpulse.com,Password1!
datadazzler387@hotpulse.com,Password1!
datadazzler388@hotpulse.com,Password1!
datadazzler389@hotpulse.com,Password1!
datadazzler390@hotpulse.com,Password1!
datadazzler391@hotpulse.com,Password1!
datadazzler392@hotpulse.com,Password1!
datadazzler393@hotpulse.com,Password1!
datadazzler394@hotpulse.com,Password1!
datadazzler395@hotpulse.com,Password1!
datadazzler396@hotpulse.com,Password1!
datadazzler397@hotpulse.com,Password1!
datadazzler398@hotpulse.com,Password1!
datadazzler399@hotpulse.com,Password1!
datadazzler400@hotpulse.com,Password1!
datadazzler401@hotpulse.com,Password1!
datadazzler402@hotpulse.com,Password1!
datadazzler403@hotpulse.com,Password1!
datadazzler404@hotpulse.com,Password1!
datadazzler405@hotpulse.com,Password1!
datadazzler406@hotpulse.com,Password1!
datadazzler407@hotpulse.com,Password1!
datadazzler408@hotpulse.com,Password1!
datadazzler409@hotpulse.com,Password1!
datadazzler410@hotpulse.com,Password1!
datadazzler411@hotpulse.com,Password1!
datadazzler412@hotpulse.com,Password1!
datadazzler413@hotpulse.com,Password1!
datadazzler414@hotpulse.com,Password1!
datadazzler415@hotpulse.com,Password1!
datadazzler416@hotpulse.com,Password1!
datadazzler417@hotpulse.com,Password1!
datadazzler418@hotpulse.com,Password1!
datadazzler419@hotpulse.com,Password1!
datadazzler420@hotpulse.com,Password1!
datadazzler421@hotpulse.com,Password1!
datadazzler422@hotpulse.com,Password1!
datadazzler423@hotpulse.com,Password1!
datadazzler424@hotpulse.com,Password1!
datadazzler425@hotpulse.com,Password1!
datadazzler426@hotpulse.com,Password1!
datadazzler427@hotpulse.com,Password1!
datadazzler428@hotpulse.com,Password1!
datadazzler429@hotpulse.com,Password1!
datadazzler430@hotpulse.com,Password1!
datadazzler431@hotpulse.com,Password1!
datadazzler432@hotpulse.com,Password1!
datadazzler433@hotpulse.com,Password1!
datadazzler434@hotpulse.com,Password1!
datadazzler435@hotpulse.com,Password1!
datadazzler436@hotpulse.com,Password1!
datadazzler437@hotpulse.com,Password1!
datadazzler438@hotpulse.com,Password1!
datadazzler439@hotpulse.com,Password1!
datadazzler440@hotpulse.com,Password1!
datadazzler441@hotpulse.com,Password1!
datadazzler442@hotpulse.com,Password1!
datadazzler443@hotpulse.com,Password1!
datadazzler444@hotpulse.com,Password1!
datadazzler445@hotpulse.com,Password1!
datadazzler446@hotpulse.com,Password1!
datadazzler447@hotpulse.com,Password1!
datadazzler448@hotpulse.com,Password1!
datadazzler449@hotpulse.com,Password1!
datadazzler450@hotpulse.com,Password1!
datadazzler451@hotpulse.com,Password1!
datadazzler452@hotpulse.com,Password1!
datadazzler453@hotpulse.com,Password1!
datadazzler454@hotpulse.com,Password1!
datadazzler455@hotpulse.com,Password1!
datadazzler456@hotpulse.com,Password1!
datadazzler457@hotpulse.com,Password1!
datadazzler458@hotpulse.com,Password1!
datadazzler459@hotpulse.com,Password1!
datadazzler460@hotpulse.com,Password1!
datadazzler461@hotpulse.com,Password1!
datadazzler462@hotpulse.com,Password1!
datadazzler463@hotpulse.com,Password1!
datadazzler464@hotpulse.com,Password1!
datadazzler465@hotpulse.com,Password1!
datadazzler466@hotpulse.com,Password1!
datadazzler467@hotpulse.com,Password1!
datadazzler468@hotpulse.com,Password1!
datadazzler469@hotpulse.com,Password1!
datadazzler470@hotpulse.com,Password1!
datadazzler471@hotpulse.com,Password1!
datadazzler472@hotpulse.com,Password1!
datadazzler473@hotpulse.com,Password1!
datadazzler474@hotpulse.com,Password1!
datadazzler475@hotpulse.com,Password1!
datadazzler476@hotpulse.com,Password1!
datadazzler477@hotpulse.com,Password1!
datadazzler478@hotpulse.com,Password1!
datadazzler479@hotpulse.com,Password1!
datadazzler480@hotpulse.com,Password1!
datadazzler481@hotpulse.com,Password1!
datadazzler482@hotpulse.com,Password1!
datadazzler483@hotpulse.com,Password1!
datadazzler484@hotpulse.com,Password1!
datadazzler485@hotpulse.com,Password1!
datadazzler486@hotpulse.com,Password1!
datadazzler487@hotpulse.com,Password1!
datadazzler488@hotpulse.com,Password1!
datadazzler489@hotpulse.com,Password1!
datadazzler490@hotpulse.com,Password1!
datadazzler491@hotpulse.com,Password1!
datadazzler492@hotpulse.com,Password1!
datadazzler493@hotpulse.com,Password1!
datadazzler494@hotpulse.com,Password1!
datadazzler495@hotpulse.com,Password1!
datadazzler496@hotpulse.com,Password1!
datadazzler497@hotpulse.com,Password1!
datadazzler498@hotpulse.com,Password1!
datadazzler499@hotpulse.com,Password1!
datadazzler500@hotpulse.com,Password1!